Ref_number	Sample_number	Volcanic_zone	System	Eruption	Location	Phase	Phase_number	Point_number	Core_rim	Profile_distance	Pheno_xeno_nod_gm	Texture	Inclusion	Hostref	Machine	Lab	Analyst	Comment		Point	Date		Notes	SiO2	TiO2	Al203	Cr2O3	V2O3	Fe2O3	FeO	MnO	MgO	CaO	Na2O	K2O	P2O5	NiO	SO2	F	Cl	Total	SiO2_err	TiO2_err	Al2O3_err	Cr2O3_err	V2O3_err	Fe2O3_err	FeO_err	MnO_err	MgO_err	CaO_err	Na2O_err	K2O_err	P2O5_err	NiO_err	SO2_err	F_err	Cl_err	SiO2_dl	TiO2_dl	Al203_dl	Cr2O3_dl	V2O3_dl	Fe2O3_dl	FeO_dl	MnO_dl	MgO_dl	CaO_dl	Na2O_dl	K2O_dl	P2O5_dl	NiO_dl	SO2_dl	F_dl	Cl_dl
-1	BLA2013_01G_A	NVZ	Fremri-Namur	Blafjall	Blafjall	ol	-1	-1	-1	-1	-1	-1	-1	-1	SX100	Cambridge	Lucy_Tweed	BLA2013_01G(A)_ol1		1	31/10/2013	22:03:09	0	40.6995	0.009	0.0656	0.0558	0	0	11.8753	0.1592	46.6273	0.326	0	0	0	0.3092	0	0	0	100.1268	0.6175	0.0218	0.0039	0.0275	0	0	0.4753	0.0194	1.4033	0.011	0	0	0	0.016	0	0	0	246	259	4	307	0	0	890	200	439	65	0	0	0	147	0	0	0
-1	BLA2013_01G_A	NVZ	Fremri-Namur	Blafjall	Blafjall	ol	-1	-1	-1	-1	-1	-1	-1	-1	SX100	Cambridge	Lucy_Tweed	BLA2013_01G(A)_ol1		2	31/10/2013	22:09:53	0	40.6335	0.0046	0.0726	0.0849	0	0	11.6711	0.1688	46.5972	0.3178	0	0	0	0.3005	0	0	0	99.851	0.6166	0.022	0.004	0.0281	0	0	0.469	0.0194	1.4025	0.0108	0	0	0	0.0158	0	0	0	249	264	41	30	0	0	844	198	445	65	0	0	0	147	0	0	0
-1	BLA2013_01G_A	NVZ	Fremri-Namur	Blafjall	Blafjall	ol	-1	-1	-1	-1	-1	-1	-1	-1	SX100	Cambridge	Lucy_Tweed	BLA2013_01G(A)_ol1		3	31/10/2013	22:16:36	0	40.632	0.0004	0.0614	0.0735	0	0	11.7477	0.1672	46.7158	0.3266	0	0	0	0.3083	0	0	0	100.033	0.6165	0.0217	0.0039	0.0283	0	0	0.4707	0.019	1.4058	0.0109	0	0	0	0.0156	0	0	0	248	261	41	309	0	0	879	19	437	65	0	0	0	14	0	0	0
-1	BLA2013_01G_A	NVZ	Fremri-Namur	Blafjall	Blafjall	ol	-1	-1	-1	-1	-1	-1	-1	-1	SX100	Cambridge	Lucy_Tweed	BLA2013_01G(A)_ol2		4	31/10/2013	22:23:22	0	40.6118	0	0.0649	0.0836	0	0	11.9798	0.1657	46.383	0.3038	0	0	0	0.3176	0	0	0	99.9101	0.6162	0.0221	0.0039	0.0281	0	0	0.4779	0.0192	1.3959	0.0106	0	0	0	0.0159	0	0	0	250	267	41	302	0	0	908	196	439	67	0	0	0	14	0	0	0
-1	BLA2013_01G_A	NVZ	Fremri-Namur	Blafjall	Blafjall	ol	-1	-1	-1	-1	-1	-1	-1	-1	SX100	Cambridge	Lucy_Tweed	BLA2013_01G(A)_ol2		5	31/10/2013	22:30:06	0	40.6717	0	0.0622	0.0795	0	0	11.7566	0.1751	46.3858	0.3101	0	0	0	0.3159	0	0	0	99.7569	0.6171	0.0216	0.0039	0.0281	0	0	0.4714	0.0194	1.396	0.0107	0	0	0	0.016	0	0	0	250	262	41	304	0	0	928	19	442	66	0	0	0	146	0	0	0
-1	BLA2013_01G_A	NVZ	Fremri-Namur	Blafjall	Blafjall	ol	-1	-1	-1	-1	-1	-1	-1	-1	SX100	Cambridge	Lucy_Tweed	BLA2013_01G(A)_ol2		6	31/10/2013	22:36:51	0	40.5751	0.0115	0.065	0.0848	0	0	11.8541	0.1864	46.5528	0.3111	0	0	0	0.3123	0	0	0	99.953	0.6157	0.0216	0.0039	0.029	0	0	0.4747	0.0195	1.4011	0.0107	0	0	0	0.0159	0	0	0	250	25	41	313	0	0	894	195	442	65	0	0	0	145	0	0	0
-1	BLA2013_01G_A	NVZ	Fremri-Namur	Blafjall	Blafjall	ol	-1	-1	-1	-1	-1	-1	-1	-1	SX100	Cambridge	Lucy_Tweed	BLA2013_01G(A)_ol3		7	31/10/2013	22:43:37	0	40.6136	0.0014	0.1007	0.0738	0	0	12.0039	0.178	46.5527	0.2933	0	0	0	0.3318	0	0	0	100.1492	0.6162	0.0221	0.0043	0.0283	0	0	0.4796	0.0196	1.4011	0.0104	0	0	0	0.0162	0	0	0	250	266	41	309	0	0	926	19	435	65	0	0	0	146	0	0	0
-1	BLA2013_01G_A	NVZ	Fremri-Namur	Blafjall	Blafjall	ol	-1	-1	-1	-1	-1	-1	-1	-1	SX100	Cambridge	Lucy_Tweed	BLA2013_01G(A)_ol3		8	31/10/2013	22:50:23	0	40.571	0.0164	0.0952	0.0617	0	0	11.9639	0.1869	46.3235	0.2902	0	0	0	0.3364	0	0	0	99.8452	0.6155	0.0221	0.0042	0.0273	0	0	0.4773	0.0192	1.3942	0.0104	0	0	0	0.0163	0	0	0	249	261	41	302	0	0	895	189	440	66	0	0	0	145	0	0	0
-1	BLA2013_01G_A	NVZ	Fremri-Namur	Blafjall	Blafjall	ol	-1	-1	-1	-1	-1	-1	-1	-1	SX100	Cambridge	Lucy_Tweed	BLA2013_01G(A)_ol4		9	31/10/2013	22:57:06	0	40.537	0.0006	0.0547	0.0316	0	0	11.3412	0.1659	47.1109	0.3036	0	0	0	0.2473	0	0	0	99.7928	0.6151	0.022	0.0039	0.0263	0	0	0.4603	0.0191	1.4177	0.0106	0	0	0	0.015	0	0	0	24	264	41	302	0	0	925	194	451	65	0	0	0	145	0	0	0
-1	BLA2013_01G_A	NVZ	Fremri-Namur	Blafjall	Blafjall	ol	-1	-1	-1	-1	-1	-1	-1	-1	SX100	Cambridge	Lucy_Tweed	BLA2013_01G(A)_ol4		10	31/10/2013	23:03:52	0	40.562	0.0016	0.0549	0.0253	0	0	11.1534	0.1534	47.0737	0.2944	0	0	0	0.2448	0	0	0	99.5635	0.6155	0.0218	0.0038	0.0264	0	0	0.4547	0.0191	1.4166	0.0104	0	0	0	0.0149	0	0	0	250	262	40	306	0	0	926	197	442	65	0	0	0	144	0	0	0
-1	BLA2013_01G_A	NVZ	Fremri-Namur	Blafjall	Blafjall	ol	-1	-1	-1	-1	-1	-1	-1	-1	SX100	Cambridge	Lucy_Tweed	BLA2013_01G(A)_ol4		11	31/10/2013	23:10:38	0	40.6758	0	0.0505	0.0101	0	0	11.3384	0.168	47.3377	0.3062	0	0	0	0.2697	0	0	0	100.1563	0.6171	0.0219	0.0038	0.0262	0	0	0.4593	0.0192	1.4242	0.0106	0	0	0	0.0153	0	0	0	249	265	41	3	0	0	945	194	447	65	0	0	0	145	0	0	0
-1	BLA2013_01G_A	NVZ	Fremri-Namur	Blafjall	Blafjall	ol	-1	-1	-1	-1	-1	-1	-1	-1	SX100	Cambridge	Lucy_Tweed	BLA2013_01G(A)_ol5		12	31/10/2013	23:17:20	0	40.305	0.0142	0.0751	0	0	0	13.3497	0.2084	45.4507	0.2941	0	0	0	0.1698	0	0	0	99.867	0.6116	0.0215	0.004	0.0243	0	0	0.5196	0.0201	1.3686	0.0104	0	0	0	0.0139	0	0	0	248	254	41	295	0	0	890	198	441	66	0	0	0	144	0	0	0
-1	BLA2013_01G_A	NVZ	Fremri-Namur	Blafjall	Blafjall	ol	-1	-1	-1	-1	-1	-1	-1	-1	SX100	Cambridge	Lucy_Tweed	BLA2013_01G(A)_ol5		13	31/10/2013	23:24:04	0	40.3125	0	0.0731	0.0065	0	0	13.369	0.2032	45.3802	0.2961	0	0	0	0.16	0	0	0	99.8006	0.6117	0.0218	0.004	0.0253	0	0	0.5188	0.0201	1.3663	0.0104	0	0	0	0.0138	0	0	0	248	265	41	302	0	0	859	198	438	66	0	0	0	145	0	0	0
-1	BLA2013_01G_A	NVZ	Fremri-Namur	Blafjall	Blafjall	ol	-1	-1	-1	-1	-1	-1	-1	-1	SX100	Cambridge	Lucy_Tweed	BLA2013_01G(A)_ol5		14	31/10/2013	23:30:48	0	40.2172	0	0.075	0.002	0	0	13.6046	0.2101	45.2721	0.294	0	0	0	0.1586	0	0	0	99.8336	0.6102	0.0221	0.004	0.0248	0	0	0.5266	0.0201	1.3631	0.0104	0	0	0	0.0139	0	0	0	248	268	41	298	0	0	940	196	443	65	0	0	0	146	0	0	0
-1	BLA2013_01G_A	NVZ	Fremri-Namur	Blafjall	Blafjall	ol	-1	-1	-1	-1	-1	-1	-1	-1	SX100	Cambridge	Lucy_Tweed	BLA2013_01G(A)_ol6		15	31/10/2013	23:37:31	0	39.9844	0	0.0429	0.0564	0	0	15.4137	0.2535	44.1081	0.1991	0	0	0	0.1805	0	0	0	100.2385	0.6067	0.0223	0.0037	0.0267	0	0	0.5802	0.0202	1.3287	0.0085	0	0	0	0.014	0	0	0	246	270	40	296	0	0	980	188	435	64	0	0	0	145	0	0	0
-1	BLA2013_01G_A	NVZ	Fremri-Namur	Blafjall	Blafjall	ol	-1	-1	-1	-1	-1	-1	-1	-1	SX100	Cambridge	Lucy_Tweed	BLA2013_01G(A)_ol6		16	31/10/2013	23:44:19	0	39.8381	0.0146	0.0436	0.0465	0	0	15.7393	0.2337	43.8006	0.1933	0	0	0	0.1859	0	0	0	100.0956	0.6045	0.0223	0.0038	0.0262	0	0	0.5897	0.0207	1.3196	0.0085	0	0	0	0.0143	0	0	0	246	265	41	295	0	0	1003	199	434	66	0	0	0	147	0	0	0
-1	BLA2013_01G_A	NVZ	Fremri-Namur	Blafjall	Blafjall	ol	-1	-1	-1	-1	-1	-1	-1	-1	SX100	Cambridge	Lucy_Tweed	BLA2013_01G(A)_ol6		17	31/10/2013	23:51:01	0	39.9238	0.0132	0.0429	0.0249	0	0	15.517	0.2298	43.881	0.1973	0	0	0	0.1959	0	0	0	100.0257	0.6059	0.0222	0.0037	0.0262	0	0	0.5841	0.0199	1.3222	0.0083	0	0	0	0.0138	0	0	0	248	263	40	305	0	0	962	193	443	63	0	0	0	140	0	0	0
-1	BLA2013_01G_A	NVZ	Fremri-Namur	Blafjall	Blafjall	ol	-1	-1	-1	-1	-1	-1	-1	-1	SX100	Cambridge	Lucy_Tweed	BLA2013_01G(A)_ol7		18	31/10/2013	23:57:45	0	39.1043	0.0163	0.0579	0.0472	0	0	19.2686	0.2892	40.4588	0.329	0	0	0	0.1643	0	0	0	99.7356	0.5935	0.0226	0.0039	0.0274	0	0	0.6944	0.022	1.2208	0.0111	0	0	0	0.0142	0	0	0	242	267	41	310	0	0	1108	204	432	66	0	0	0	149	0	0	0
-1	BLA2013_01G_A	NVZ	Fremri-Namur	Blafjall	Blafjall	ol	-1	-1	-1	-1	-1	-1	-1	-1	SX100	Cambridge	Lucy_Tweed	BLA2013_01G(A)_ol7		19	01/11/2013	00:04:28	0	39.2174	0.0124	0.0573	0.0454	0	0	19.6027	0.3043	40.569	0.3035	0	0	0	0.1627	0	0	0	100.2748	0.5952	0.0226	0.0039	0.0262	0	0	0.7033	0.0221	1.2241	0.0106	0	0	0	0.0141	0	0	0	244	269	42	295	0	0	1040	201	433	67	0	0	0	149	0	0	0
-1	BLA2013_01G_A	NVZ	Fremri-Namur	Blafjall	Blafjall	ol	-1	-1	-1	-1	-1	-1	-1	-1	SX100	Cambridge	Lucy_Tweed	BLA2013_01G(A)_ol7		20	01/11/2013	00:11:11	0	39.0081	0.0326	0.0567	0.0332	0	0	19.2534	0.2991	40.5227	0.3239	0	0	0	0.1836	0	0	0	99.7134	0.592	0.023	0.0039	0.0266	0	0	0.6929	0.0218	1.2226	0.0109	0	0	0	0.0142	0	0	0	243	268	41	306	0	0	1036	199	423	65	0	0	0	147	0	0	0
-1	BLA2013_01G_A	NVZ	Fremri-Namur	Blafjall	Blafjall	ol	-1	-1	-1	-1	-1	-1	-1	-1	SX100	Cambridge	Lucy_Tweed	BLA2013_01G(A)_ol8		21	01/11/2013	00:17:59	0	40.6521	0.0015	0.0665	0.0969	0	0	11.4451	0.156	46.9327	0.3262	0	0	0	0.308	0	0	0	99.9849	0.6167	0.0218	0.004	0.0282	0	0	0.4609	0.0193	1.4121	0.011	0	0	0	0.0158	0	0	0	245	261	41	297	0	0	866	200	449	66	0	0	0	145	0	0	0
-1	BLA2013_01G_A	NVZ	Fremri-Namur	Blafjall	Blafjall	ol	-1	-1	-1	-1	-1	-1	-1	-1	SX100	Cambridge	Lucy_Tweed	BLA2013_01G(A)_ol8		22	01/11/2013	00:24:42	0	40.7469	0	0.0625	0.089	0	0	11.3106	0.1665	46.9848	0.3325	0	0	0	0.3136	0	0	0	100.0064	0.6182	0.0218	0.0039	0.0274	0	0	0.4577	0.0187	1.4137	0.011	0	0	0	0.0157	0	0	0	247	267	40	290	0	0	895	190	442	64	0	0	0	143	0	0	0
-1	BLA2013_01G_A	NVZ	Fremri-Namur	Blafjall	Blafjall	ol	-1	-1	-1	-1	-1	-1	-1	-1	SX100	Cambridge	Lucy_Tweed	BLA2013_01G(A)_ol8		23	01/11/2013	00:31:27	0	40.6297	0	0.0633	0.0622	0	0	11.4094	0.1636	46.6867	0.3293	0	0	0	0.3113	0	0	0	99.6554	0.6164	0.0218	0.0038	0.0273	0	0	0.4606	0.0185	1.4049	0.0108	0	0	0	0.0153	0	0	0	245	264	39	302	0	0	908	189	447	62	0	0	0	139	0	0	0
-1	BLA2013_01G_A	NVZ	Fremri-Namur	Blafjall	Blafjall	ol	-1	-1	-1	-1	-1	-1	-1	-1	SX100	Cambridge	Lucy_Tweed	BLA2013_01G(A)_ol9		24	01/11/2013	00:38:10	0	40.7066	0.0106	0.0605	0.0842	0	0	11.5541	0.165	47.0944	0.3157	0	0	0	0.3289	0	0	0	100.32	0.6176	0.0218	0.0039	0.0285	0	0	0.4656	0.0193	1.4171	0.0108	0	0	0	0.0161	0	0	0	247	260	40	307	0	0	921	197	445	65	0	0	0	144	0	0	0
-1	BLA2013_01G_A	NVZ	Fremri-Namur	Blafjall	Blafjall	ol	-1	-1	-1	-1	-1	-1	-1	-1	SX100	Cambridge	Lucy_Tweed	BLA2013_01G(A)_ol9		25	01/11/2013	00:44:51	0	40.6895	0.0115	0.0876	0.1144	0	0	11.4042	0.1608	47.2006	0.3178	0	0	0	0.327	0	0	0	100.3133	0.6173	0.0216	0.0042	0.0288	0	0	0.4597	0.0192	1.4201	0.0109	0	0	0	0.0161	0	0	0	249	257	41	298	0	0	855	197	441	66	0	0	0	145	0	0	0
-1	BLA2013_01G_A	NVZ	Fremri-Namur	Blafjall	Blafjall	ol	-1	-1	-1	-1	-1	-1	-1	-1	SX100	Cambridge	Lucy_Tweed	BLA2013_01G(A)_ol9		26	01/11/2013	00:51:34	0	40.8542	0.0042	0.063	0.1021	0	0	11.3006	0.1637	47.2807	0.3225	0	0	0	0.3479	0	0	0	100.4388	0.6198	0.0219	0.0039	0.0281	0	0	0.4571	0.0191	1.4225	0.0109	0	0	0	0.0164	0	0	0	247	262	40	294	0	0	870	195	446	65	0	0	0	144	0	0	0
-1	BLA2013_01G_A	NVZ	Fremri-Namur	Blafjall	Blafjall	ol	-1	-1	-1	-1	-1	-1	-1	-1	SX100	Cambridge	Lucy_Tweed	BLA2013_01G(A)_ol10		27	01/11/2013	00:58:16	0	40.3716	0.0072	0.0429	0.0583	0	0	11.8873	0.1794	46.6192	0.2753	0	0	0	0.2699	0	0	0	99.711	0.6126	0.0213	0.0038	0.0272	0	0	0.4753	0.0195	1.403	0.01	0	0	0	0.0153	0	0	0	248	254	41	302	0	0	909	196	443	65	0	0	0	146	0	0	0
-1	BLA2013_01G_A	NVZ	Fremri-Namur	Blafjall	Blafjall	ol	-1	-1	-1	-1	-1	-1	-1	-1	SX100	Cambridge	Lucy_Tweed	BLA2013_01G(A)_ol10		28	01/11/2013	01:04:58	0	40.5523	0.0078	0.0459	0.0599	0	0	12.4753	0.1611	46.4427	0.2653	0	0	0	0.2624	0	0	0	100.2728	0.6153	0.0216	0.0038	0.0268	0	0	0.4924	0.0193	1.3977	0.0098	0	0	0	0.0152	0	0	0	248	258	41	296	0	0	889	198	444	65	0	0	0	144	0	0	0
-1	BLA2013_01G_A	NVZ	Fremri-Namur	Blafjall	Blafjall	ol	-1	-1	-1	-1	-1	-1	-1	-1	SX100	Cambridge	Lucy_Tweed	BLA2013_01G(A)_ol10		29	01/11/2013	01:11:41	0	40.4335	0	0.049	0.0249	0	0	12.6841	0.1898	46.3488	0.2391	0	0	0	0.2328	0	0	0	100.202	0.6135	0.0221	0.0038	0.0268	0	0	0.4983	0.0195	1.3949	0.0093	0	0	0	0.0148	0	0	0	248	268	41	313	0	0	895	193	447	64	0	0	0	145	0	0	0
-1	BLA2013_01G_A	NVZ	Fremri-Namur	Blafjall	Blafjall	ol	-1	-1	-1	-1	-1	-1	-1	-1	SX100	Cambridge	Lucy_Tweed	BLA2013_01G(A)_ol11		30	01/11/2013	01:18:26	0	40.8295	0.0362	0.0685	0.0948	0	0	11.1731	0.1584	47.0118	0.3149	0	0	0	0.3367	0	0	0	100.0239	0.6194	0.0218	0.0038	0.0277	0	0	0.4536	0.0182	1.4145	0.0105	0	0	0	0.0157	0	0	0	247	251	39	291	0	0	909	185	438	63	0	0	0	139	0	0	0
-1	BLA2013_01G_A	NVZ	Fremri-Namur	Blafjall	Blafjall	ol	-1	-1	-1	-1	-1	-1	-1	-1	SX100	Cambridge	Lucy_Tweed	BLA2013_01G(A)_ol11		31	01/11/2013	01:25:08	0	40.6746	0.0067	0.0571	0.0968	0	0	11.1463	0.1661	47.1788	0.3227	0	0	0	0.3419	0	0	0	99.991	0.6171	0.022	0.0038	0.0277	0	0	0.4529	0.0192	1.4195	0.0108	0	0	0	0.0162	0	0	0	246	262	40	290	0	0	913	196	449	64	0	0	0	143	0	0	0
-1	BLA2013_01G_A	NVZ	Fremri-Namur	Blafjall	Blafjall	ol	-1	-1	-1	-1	-1	-1	-1	-1	SX100	Cambridge	Lucy_Tweed	BLA2013_01G(A)_ol11		32	01/11/2013	01:31:52	0	40.7528	0	0.0684	0.1007	0	0	11.0691	0.1571	47.2178	0.3201	0	0	0	0.3222	0	0	0	100.0083	0.6182	0.0221	0.0038	0.0284	0	0	0.4507	0.0185	1.4206	0.0106	0	0	0	0.0156	0	0	0	244	267	39	298	0	0	921	190	441	63	0	0	0	141	0	0	0
-1	BLA2013_01G_A	NVZ	Fremri-Namur	Blafjall	Blafjall	ol	-1	-1	-1	-1	-1	-1	-1	-1	SX100	Cambridge	Lucy_Tweed	BLA2013_01G(A)_ol12		33	01/11/2013	01:38:36	0	40.1494	0	0.0422	0.0371	0	0	14.2797	0.2073	44.9831	0.1977	0	0	0	0.2112	0	0	0	100.1076	0.6092	0.0222	0.0037	0.0266	0	0	0.5461	0.02	1.3546	0.0086	0	0	0	0.0145	0	0	0	246	267	41	304	0	0	920	196	445	65	0	0	0	145	0	0	0
-1	BLA2013_01G_A	NVZ	Fremri-Namur	Blafjall	Blafjall	ol	-1	-1	-1	-1	-1	-1	-1	-1	SX100	Cambridge	Lucy_Tweed	BLA2013_01G(A)_ol12		34	01/11/2013	01:45:19	0	39.9589	0.001	0.0427	0.0318	0	0	15.4216	0.2332	44.101	0.1857	0	0	0	0.194	0	0	0	100.17	0.6064	0.0219	0.0038	0.0259	0	0	0.5812	0.0203	1.3286	0.0084	0	0	0	0.0144	0	0	0	245	263	41	297	0	0	1015	194	441	66	0	0	0	147	0	0	0
-1	BLA2013_01G_A	NVZ	Fremri-Namur	Blafjall	Blafjall	ol	-1	-1	-1	-1	-1	-1	-1	-1	SX100	Cambridge	Lucy_Tweed	BLA2013_01G(A)_ol12		35	01/11/2013	01:52:01	0	40.1385	0.004	0.04	0.0112	0	0	15.5908	0.2225	44.0768	0.1706	0	0	0	0.2046	0	0	0	100.4589	0.609	0.0224	0.0037	0.0261	0	0	0.5845	0.0199	1.3278	0.0081	0	0	0	0.0143	0	0	0	245	268	41	309	0	0	916	192	437	66	0	0	0	144	0	0	0
-1	BLA2013_01G_A	NVZ	Fremri-Namur	Blafjall	Blafjall	ol	-1	-1	-1	-1	-1	-1	-1	-1	SX100	Cambridge	Lucy_Tweed	BLA2013_01G(A)_ol13		36	01/11/2013	09:32:12	0	39.7579	0	0.0752	0.0317	0	0	16.9941	0.236	42.5833	0.3166	0	0	0	0.1888	0	0	0	100.1835	0.6034	0.0222	0.004	0.0263	0	0	0.6277	0.0202	1.2838	0.0107	0	0	0	0.0141	0	0	0	248	268	40	303	0	0	997	193	437	64	0	0	0	144	0	0	0
-1	BLA2013_01G_A	NVZ	Fremri-Namur	Blafjall	Blafjall	ol	-1	-1	-1	-1	-1	-1	-1	-1	SX100	Cambridge	Lucy_Tweed	BLA2013_01G(A)_ol13		37	01/11/2013	09:39:52	0	39.7488	0.0067	0.0777	0.0451	0	0	16.6607	0.2396	42.6956	0.322	0	0	0	0.1958	0	0	0	99.9918	0.6032	0.0224	0.0041	0.0262	0	0	0.6185	0.0209	1.2871	0.011	0	0	0	0.0145	0	0	0	246	268	41	295	0	0	1048	200	4	66	0	0	0	147	0	0	0
-1	BLA2013_01G_A	NVZ	Fremri-Namur	Blafjall	Blafjall	ol	-1	-1	-1	-1	-1	-1	-1	-1	SX100	Cambridge	Lucy_Tweed	BLA2013_01G(A)_ol13		38	01/11/2013	09:46:36	0	39.6911	0.0098	0.0759	0.0626	0	0	17.0123	0.2562	42.4442	0.3056	0	0	0	0.1818	0	0	0	100.0395	0.6024	0.0224	0.0041	0.0269	0	0	0.6284	0.0209	1.2797	0.0106	0	0	0	0.0143	0	0	0	247	266	41	296	0	0	986	197	441	66	0	0	0	148	0	0	0
-1	BLA2013_01G_A	NVZ	Fremri-Namur	Blafjall	Blafjall	ol	-1	-1	-1	-1	-1	-1	-1	-1	SX100	Cambridge	Lucy_Tweed	BLA2013_01G(A)_ol14		39	01/11/2013	09:53:25	0	40.6387	0	0.0796	0.0907	0	0	11.6835	0.1679	46.4912	0.3315	0	0	0	0.3179	0	0	0	99.8008	0.6166	0.0221	0.004	0.0286	0	0	0.4697	0.0187	1.3993	0.011	0	0	0	0.0157	0	0	0	249	268	40	305	0	0	896	189	446	65	0	0	0	141	0	0	0
-1	BLA2013_01G_A	NVZ	Fremri-Namur	Blafjall	Blafjall	ol	-1	-1	-1	-1	-1	-1	-1	-1	SX100	Cambridge	Lucy_Tweed	BLA2013_01G(A)_ol14		40	01/11/2013	10:00:14	0	40.528	0.0148	0.0692	0.0673	0	0	11.5173	0.1688	46.5968	0.3294	0	0	0	0.3086	0	0	0	99.6002	0.6149	0.0219	0.004	0.0281	0	0	0.4634	0.0189	1.4023	0.011	0	0	0	0.0158	0	0	0	251	259	0	309	0	0	844	192	443	65	0	0	0	144	0	0	0
-1	BLA2013_01G_A	NVZ	Fremri-Namur	Blafjall	Blafjall	ol	-1	-1	-1	-1	-1	-1	-1	-1	SX100	Cambridge	Lucy_Tweed	BLA2013_01G(A)_ol14		41	01/11/2013	10:07:04	0	40.5386	0	0.0691	0.0889	0	0	11.7604	0.1669	46.7279	0.331	0	0	0	0.3062	0	0	0	99.9889	0.6151	0.0219	0.004	0.0281	0	0	0.4713	0.0194	1.4062	0.011	0	0	0	0.0159	0	0	0	249	270	0	299	0	0	887	198	451	64	0	0	0	146	0	0	0
-1	BLA2013_01G_A	NVZ	Fremri-Namur	Blafjall	Blafjall	ol	-1	-1	-1	-1	-1	-1	-1	-1	SX100	Cambridge	Lucy_Tweed	BLA2013_01G(A)_ol15		42	01/11/2013	10:13:47	0	40.5869	0	0.0664	0.0755	0	0	12.6649	0.1775	45.7712	0.312	0	0	0	0.2839	0	0	0	99.9382	0.6158	0.022	0.004	0.0279	0	0	0.4984	0.0192	1.378	0.0107	0	0	0	0.0156	0	0	0	247	267	41	303	0	0	856	193	436	65	0	0	0	146	0	0	0
-1	BLA2013_01G_A	NVZ	Fremri-Namur	Blafjall	Blafjall	ol	-1	-1	-1	-1	-1	-1	-1	-1	SX100	Cambridge	Lucy_Tweed	BLA2013_01G(A)_ol15		43	01/11/2013	10:20:33	0	40.5667	0.0027	0.0652	0.0878	0	0	12.5063	0.1845	46.122	0.3026	0	0	0	0.2798	0	0	0	100.1175	0.6155	0.022	0.0039	0.0278	0	0	0.4938	0.0196	1.3882	0.0105	0	0	0	0.0155	0	0	0	249	264	41	297	0	0	939	196	441	65	0	0	0	145	0	0	0
-1	BLA2013_01G_A	NVZ	Fremri-Namur	Blafjall	Blafjall	ol	-1	-1	-1	-1	-1	-1	-1	-1	SX100	Cambridge	Lucy_Tweed	BLA2013_01G(A)_ol15		44	01/11/2013	10:27:16	0	40.5319	0	0.066	0.0356	0	0	12.8605	0.1769	45.7278	0.3065	0	0	0	0.2647	0	0	0	99.9697	0.6149	0.0221	0.0039	0.0263	0	0	0.5039	0.0196	1.3766	0.0107	0	0	0	0.0152	0	0	0	247	268	40	301	0	0	914	198	451	66	0	0	0	1	0	0	0
-1	BLA2013_01G_A	NVZ	Fremri-Namur	Blafjall	Blafjall	ol	-1	-1	-1	-1	-1	-1	-1	-1	SX100	Cambridge	Lucy_Tweed	BLA2013_01G(A)_ol16		45	01/11/2013	10:34:02	0	39.1427	0.0323	0.0733	0.0259	0	0	19.2067	0.3006	40.4674	0.3246	0	0	0	0.1585	0	0	0	99.7321	0.5941	0.0226	0.0041	0.0262	0	0	0.6927	0.0221	1.221	0.011	0	0	0	0.014	0	0	0	246	263	41	304	0	0	1122	202	423	67	0	0	0	148	0	0	0
-1	BLA2013_01G_A	NVZ	Fremri-Namur	Blafjall	Blafjall	ol	-1	-1	-1	-1	-1	-1	-1	-1	SX100	Cambridge	Lucy_Tweed	BLA2013_01G(A)_ol16		46	01/11/2013	10:40:48	0	38.8421	0.0134	0.0679	0.02	0	0	20.6789	0.3141	39.0674	0.3238	0	0	0	0.1642	0	0	0	99.4919	0.5895	0.0227	0.0041	0.026	0	0	0.735	0.0228	1.1796	0.011	0	0	0	0.0141	0	0	0	243	270	42	304	0	0	1071	210	418	66	0	0	0	148	0	0	0
-1	BLA2013_01G_A	NVZ	Fremri-Namur	Blafjall	Blafjall	ol	-1	-1	-1	-1	-1	-1	-1	-1	SX100	Cambridge	Lucy_Tweed	BLA2013_01G(A)_ol16		47	01/11/2013	10:47:33	0	38.9272	0.0282	0.0695	0.0257	0	0	20.3098	0.3104	39.9106	0.3191	0	0	0	0.1543	0	0	0	100.0547	0.5908	0.0227	0.0041	0.0257	0	0	0.7253	0.0223	1.2047	0.0109	0	0	0	0.014	0	0	0	242	265	42	298	0	0	1137	202	432	67	0	0	0	148	0	0	0
-1	BLA2013_01G_A	NVZ	Fremri-Namur	Blafjall	Blafjall	ol	-1	-1	-1	-1	-1	-1	-1	-1	SX100	Cambridge	Lucy_Tweed	BLA2013_01G(A)_ol17		48	01/11/2013	10:54:15	0	40.6306	0.009	0.0667	0.0739	0	0	11.0839	0.1874	46.8967	0.3332	0	0	0	0.3123	0	0	0	99.5937	0.6165	0.0222	0.0038	0.028	0	0	0.4528	0.0183	1.4113	0.0109	0	0	0	0.0155	0	0	0	2	265	39	304	0	0	942	179	450	63	0	0	0	141	0	0	0
-1	BLA2013_01G_A	NVZ	Fremri-Namur	Blafjall	Blafjall	ol	-1	-1	-1	-1	-1	-1	-1	-1	SX100	Cambridge	Lucy_Tweed	BLA2013_01G(A)_ol17		49	01/11/2013	11:01:02	0	40.7781	0.0162	0.0733	0.0925	0	0	10.9293	0.1536	46.9491	0.3345	0	0	0	0.3185	0	0	0	99.6451	0.6187	0.0215	0.0038	0.0284	0	0	0.4468	0.0184	1.4127	0.0109	0	0	0	0.0155	0	0	0	246	254	39	302	0	0	914	191	433	63	0	0	0	140	0	0	0
-1	BLA2013_01G_A	NVZ	Fremri-Namur	Blafjall	Blafjall	ol	-1	-1	-1	-1	-1	-1	-1	-1	SX100	Cambridge	Lucy_Tweed	BLA2013_01G(A)_ol17		50	01/11/2013	11:07:47	0	40.6862	0.006	0.0677	0.0621	0	0	11.2633	0.1643	46.8649	0.3242	0	0	0	0.3237	0	0	0	99.7624	0.6173	0.022	0.0039	0.0286	0	0	0.4571	0.0191	1.4103	0.0109	0	0	0	0.016	0	0	0	249	263	40	319	0	0	896	195	446	65	0	0	0	145	0	0	0
-1	BLA2013_01G_A	NVZ	Fremri-Namur	Blafjall	Blafjall	ol	-1	-1	-1	-1	-1	-1	-1	-1	SX100	Cambridge	Lucy_Tweed	BLA2013_01G(A)_ol18		51	01/11/2013	11:14:33	0	40.0042	0.0086	0.0429	0.0374	0	0	14.5446	0.2185	44.1634	0.244	0	0	0	0.1872	0	0	0	99.4507	0.6071	0.0221	0.0036	0.0259	0	0	0.5558	0.0193	1.3304	0.0092	0	0	0	0.0138	0	0	0	246	263	39	295	0	0	1001	187	440	63	0	0	0	141	0	0	0
-1	BLA2013_01G_A	NVZ	Fremri-Namur	Blafjall	Blafjall	ol	-1	-1	-1	-1	-1	-1	-1	-1	SX100	Cambridge	Lucy_Tweed	BLA2013_01G(A)_ol18		52	01/11/2013	11:21:20	0	40.1379	0.0112	0.0463	0.0136	0	0	14.4964	0.2275	44.2375	0.2216	0	0	0	0.1914	0	0	0	99.5835	0.6091	0.0219	0.0038	0.0269	0	0	0.5542	0.0203	1.3326	0.009	0	0	0	0.0143	0	0	0	246	261	41	319	0	0	977	195	427	65	0	0	0	145	0	0	0
-1	BLA2013_01G_A	NVZ	Fremri-Namur	Blafjall	Blafjall	ol	-1	-1	-1	-1	-1	-1	-1	-1	SX100	Cambridge	Lucy_Tweed	BLA2013_01G(A)_ol18		53	01/11/2013	11:28:05	0	40.0631	0.0329	0.0411	0.0216	0	0	14.3993	0.214	44.3716	0.2197	0	0	0	0.1971	0	0	0	99.5606	0.608	0.0221	0.0036	0.0248	0	0	0.5511	0.0194	1.3366	0.0088	0	0	0	0.0137	0	0	0	248	256	39	289	0	0	945	189	436	63	0	0	0	139	0	0	0
-1	BLA2013_01G_A	NVZ	Fremri-Namur	Blafjall	Blafjall	ol	-1	-1	-1	-1	-1	-1	-1	-1	SX100	Cambridge	Lucy_Tweed	BLA2013_01G(A)_ol19		54	01/11/2013	11:34:51	0	40.7516	0	0.0749	0.0762	0	0	10.7533	0.1506	47.347	0.3233	0	0	0	0.3413	0	0	0	99.8182	0.6183	0.0222	0.004	0.0279	0	0	0.4412	0.0191	1.4246	0.0109	0	0	0	0.0163	0	0	0	250	271	41	303	0	0	838	198	445	65	0	0	0	145	0	0	0
-1	BLA2013_01G_A	NVZ	Fremri-Namur	Blafjall	Blafjall	ol	-1	-1	-1	-1	-1	-1	-1	-1	SX100	Cambridge	Lucy_Tweed	BLA2013_01G(A)_ol19		55	01/11/2013	11:41:37	0	40.8989	0	0.0767	0.107	0	0	10.8044	0.163	47.3518	0.3346	0	0	0	0.3305	0	0	0	100.0669	0.6205	0.0218	0.0039	0.0294	0	0	0.443	0.0184	1.4247	0.0109	0	0	0	0.0157	0	0	0	248	264	39	308	0	0	870	187	460	62	0	0	0	140	0	0	0
-1	BLA2013_01G_A	NVZ	Fremri-Namur	Blafjall	Blafjall	ol	-1	-1	-1	-1	-1	-1	-1	-1	SX100	Cambridge	Lucy_Tweed	BLA2013_01G(A)_ol19		56	01/11/2013	11:48:21	0	40.8358	0	0.0925	0.0907	0	0	10.9231	0.1437	47.3098	0.3238	0	0	0	0.3418	0	0	0	100.0612	0.6196	0.0217	0.0041	0.0287	0	0	0.4477	0.0184	1.4235	0.0107	0	0	0	0.0157	0	0	0	252	268	39	307	0	0	942	192	453	63	0	0	0	138	0	0	0
-1	BLA2013_01G_A	NVZ	Fremri-Namur	Blafjall	Blafjall	ol	-1	-1	-1	-1	-1	-1	-1	-1	SX100	Cambridge	Lucy_Tweed	BLA2013_01G(A)_ol20		57	01/11/2013	11:55:06	0	40.8963	0.0053	0.081	0.0952	0	0	10.3568	0.156	47.9682	0.2891	0	0	0	0.3561	0	0	0	100.204	0.6204	0.0217	0.0041	0.0279	0	0	0.4291	0.0188	1.4428	0.0103	0	0	0	0.0167	0	0	0	250	260	41	294	0	0	898	192	447	65	0	0	0	147	0	0	0
-1	BLA2013_01G_A	NVZ	Fremri-Namur	Blafjall	Blafjall	ol	-1	-1	-1	-1	-1	-1	-1	-1	SX100	Cambridge	Lucy_Tweed	BLA2013_01G(A)_ol20		58	01/11/2013	12:01:52	0	41.0846	0.0046	0.0892	0.0708	0	0	9.9079	0.1469	48.094	0.277	0	0	0	0.3621	0	0	0	100.037	0.6233	0.0219	0.004	0.0275	0	0	0.4165	0.0185	1.4466	0.0098	0	0	0	0.0161	0	0	0	249	262	39	300	0	0	933	193	452	62	0	0	0	139	0	0	0
-1	BLA2013_01G_A	NVZ	Fremri-Namur	Blafjall	Blafjall	ol	-1	-1	-1	-1	-1	-1	-1	-1	SX100	Cambridge	Lucy_Tweed	BLA2013_01G(A)_ol20		59	01/11/2013	12:08:38	0	41.0838	0.029	0.0961	0.0952	0	0	9.9304	0.1454	48.1434	0.276	0	0	0	0.3648	0	0	0	100.1642	0.6233	0.0218	0.0043	0.0285	0	0	0.4169	0.019	1.4481	0.01	0	0	0	0.0167	0	0	0	251	253	41	302	0	0	883	197	446	65	0	0	0	145	0	0	0
